Index,X,Y,Z
0,0,1.34164,2.68328
1,2.12132,1.89737,-0.948683
2,-2.12132,1.89737,-0.948683
3,-2.12132,-1.89737,0.948683
4,2.12132,-1.89737,0.948683
5,0,-1.34164,-2.68328
